{
    "fields": [
        {
            "type": "number",
            "name": "ProductCode",
            "internal": false,
            "key": true,
            "oid": "d8fb9d12-8227-40b0-8191-2e0216b298b9",
            "unique": true,
            "displayLabel": "ProductCode",
            "required": true
        },
        {
            "type": "datetime",
            "name": "creationDate",
            "internal": false,
            "oid": "8e410c7c-c5e8-46a6-b99e-8fa7478a9a22",
            "displayLabel": "Created",
            "historyType": "timeCreated"
        },
        {
            "type": "datetime",
            "name": "lastUpdateDate",
            "internal": false,
            "oid": "b52e4dde-5d50-4ad3-9a8f-0ac0c2f73bf2",
            "displayLabel": "Last Updated",
            "historyType": "timeUpdated"
        },
        {
            "type": "string",
            "name": "createdBy",
            "internal": false,
            "oid": "e2d66a43-44d3-4e13-8ac2-3415d536566d",
            "displayLabel": "Created By",
            "historyType": "createdBy"
        },
        {
            "type": "string",
            "name": "lastUpdatedBy",
            "internal": false,
            "oid": "2458306a-fc44-4279-bbf3-15ed43c011b6",
            "displayLabel": "Last Updated By",
            "historyType": "updatedBy"
        },
        {
            "type": "number",
            "name": "versionNumber",
            "internal": false,
            "oid": "39781546-41ef-4550-986b-9b9a2f424ed2",
            "displayLabel": "Version Number",
            "historyType": "versionNumber"
        },
        {
            "type": "string",
            "name": "productDesc",
            "oid": "1a440bab-7881-4d26-92a8-79e4467007e1",
            "required": true,
            "displayLabel": "ProductDesc"
        },
        {
            "type": "string",
            "name": "productCategory",
            "oid": "9ce24336-c644-414c-871d-49be39d7b36e",
            "required": true,
            "displayLabel": "ProductCategory"
        }        ,
        {
            "type": "number",
            "name": "productPrice",
            "oid": "00f7aa9b-6775-4e23-a15c-21884fef990c",
            "required": true,
            "displayLabel": "ProductPrice"
        }        ,
        {
            "type": "number",
            "name": "productWeight",
            "oid": "77e75725-e5e7-4581-a5b6-6bd70c843850",
            "displayLabel": "ProductWeight"
        }
    ],
    "name": "ProductDetails",
    "oid": "426ef023-c8ee-4ecb-a9f2-9b9d6a861763",
    "displayLabel": "Product Details",
    "triggers": [
{
            "definition": "// Trigger Beginning \nprintln 'Trigger started: InsertIntoStock, business object: ProductDetails, event: BeforeInsert';\n\ntry {\n\n  // Always Execute Criterion (Always Execute)\n  alwaysExecuteCriterion_1: {\n    // Action Group (Action Group)\n    def view1 = newView('ProductStock');\n    def record1 = view1.createRow();\n    record1.productCode = {\n    ProductCode\n    }.call();\n    record1.productQuantity = '100';\n    view1.insertRow(record1);\n\n    return;\n  }\n\n} finally {\n\n  // Trigger End \n  println 'Trigger ended: InsertIntoStock';\n\n}",
            "displayName": "InsertIntoStock",
            "name": "BeforeInsert_Rule_0",
            "refId": "05016794-c455-42fb-a143-dbdee7756ad1",
            "type": "BeforeInsert"
        }
    ],
    "validators": []
}