{
    "fieldValidators": [],
    "objectFunctions": [],
    "objectValidators": [],
    "triggers": [
        {
            "active": "active",
            "displayName": "InsertIntoStock",
            "lastUpdate": "2024-07-17T14:44:17",
            "oid": "05016794-c455-42fb-a143-dbdee7756ad1",
            "scriptMimeType": "application/x-adf-groovy",
            "triggerEvents": [
                "BeforeInsert"
            ],
            "workflow": {
                "nodeType": "criterion",
                "type": "always",
                "displayName": "Always Execute",
                "outcomes": {
                    "false": {
                        "nodeType": "terminus",
                        "type": "end",
                        "for": "trigger"
                    },
                    "true": {
                        "nodeType": "actionGroup",
                        "displayName": "Action Group",
                        "after": {
                            "nodeType": "terminus",
                            "type": "end",
                            "for": "criteria"
                        },
                        "methodDefinition": {
                            "typeId": "workflowCreateRecord",
                            "archetypeId": "WorkflowPage__ProductDetailsDetailArchetype",
                            "vars": {
                                "index": 1,
                                "entityId": "ProductStock",
                                "valueUpdates": "[{\"fieldId\":\"productCode\",\"expressionValue\":\"=ProductCode\",\"inputMode\":\"expression\",\"required\":false},{\"fieldId\":\"productQuantity\",\"expressionValue\":\"='100'\",\"staticValue\":\"100\",\"inputMode\":\"static\",\"required\":false}]",
                                "methodName": "onProduct_DetailsActionGroupExecute",
                                "pageEvent": "actionGroupExecute"
                            },
                            "outcomeHandlers": {}
                        }
                    }
                }
            }
        },
        {
            "active": "active",
            "displayName": "DeleteFromStock",
            "lastUpdate": "2024-07-17T15:01:17",
            "oid": "bf8f3092-2679-4864-9765-ee7d2a82db0c",
            "scriptMimeType": "application/x-adf-groovy",
            "triggerEvents": [
                "BeforeDelete"
            ],
            "workflow": {
                "nodeType": "criterion",
                "type": "always",
                "displayName": "Always Execute",
                "outcomes": {
                    "false": {
                        "nodeType": "terminus",
                        "type": "end",
                        "for": "trigger"
                    },
                    "true": {
                        "nodeType": "actionGroup",
                        "displayName": "Action Group",
                        "after": {
                            "nodeType": "terminus",
                            "type": "end",
                            "for": "criteria"
                        },
                        "methodDefinition": {
                            "typeId": "workflowDeleteRecord",
                            "archetypeId": "WorkflowPage__ProductDetailsDetailArchetype",
                            "vars": {
                                "index": 1,
                                "entityPath": "other:ProductStock",
                                "conditions": "{\"children\":[{\"tooltip\":\"\",\"criteriaLhs\":\"productCode\",\"criteriaCond\":\"string:equals\",\"criteriaRhsInputMode\":\"expression\",\"criteriaRhsInput\":\"=ProductCode\",\"criteriaRhs\":\"ProductCode\"}],\"tooltip\":\"\",\"className\":\"criteria-group-row-outermost\",\"matchChoice\":\"all\"}",
                                "filterExpression": "productCode = ProductCode",
                                "methodName": "onProduct_DetailsActionGroupExecute",
                                "pageEvent": "actionGroupExecute"
                            },
                            "outcomeHandlers": {}
                        }
                    }
                }
            }
        }        ,
        {
            "active": "active",
            "displayName": "UpdateIntoStock",
            "lastUpdate": "2024-07-18T06:34:29",
            "oid": "1dc74f51-b623-4e0a-a649-398848ba8aa6",
            "scriptMimeType": "application/x-adf-groovy",
            "triggerEvents": [
                "BeforeUpdate"
            ],
            "workflow": {
                "nodeType": "criterion",
                "type": "always",
                "displayName": "Always Execute",
                "outcomes": {
                    "false": {
                        "nodeType": "terminus",
                        "type": "end",
                        "for": "trigger"
                    },
                    "true": {
                        "nodeType": "actionGroup",
                        "displayName": "Action Group",
                        "after": {
                            "nodeType": "terminus",
                            "type": "end",
                            "for": "criteria"
                        },
                        "methodDefinition": {
                            "typeId": "workflowUpdateRecord",
                            "archetypeId": "WorkflowPage__ProductDetailsDetailArchetype",
                            "vars": {
                                "index": 1,
                                "entityPath": "other:ProductStock",
                                "valueUpdates": "[{\"fieldId\":\"productExpiry\",\"expressionValue\":\"='2024-07-26'\",\"staticValue\":\"2024-07-26\",\"inputMode\":\"static\",\"required\":false}]",
                                "methodName": "onProduct_DetailsActionGroupExecute2",
                                "pageEvent": "actionGroupExecute",
                                "conditions": "{\"children\":[{\"tooltip\":\"\",\"criteriaLhs\":\"productCode\",\"criteriaCond\":\"string:equals\",\"criteriaRhsInputMode\":\"expression\",\"criteriaRhsInput\":\"=ProductCode\",\"criteriaRhs\":\"ProductCode\"}],\"tooltip\":\"\",\"className\":\"criteria-group-row-outermost\",\"matchChoice\":\"all\"}",
                                "filterExpression": "productCode = ProductCode"
                            },
                            "outcomeHandlers": {}
                        }
                    }
                }
            }
        }
      ],
    "fieldTriggers": []
}