{
    "fields": [
        {
            "type": "number",
            "name": "StockId",
            "internal": false,
            "key": true,
            "oid": "a75d4586-7293-456c-b51c-33b15a01b170",
            "required": true,
            "unique": true,
            "displayLabel": "StockId"
        },
        {
            "type": "datetime",
            "name": "creationDate",
            "internal": false,
            "oid": "555675eb-dc0e-4bf5-b769-69c2efc08940",
            "displayLabel": "Created",
            "historyType": "timeCreated"
        },
        {
            "type": "datetime",
            "name": "lastUpdateDate",
            "internal": false,
            "oid": "f7dfcd7e-9e3a-4b71-8c6e-9d69e2834ae9",
            "displayLabel": "Last Updated",
            "historyType": "timeUpdated"
        },
        {
            "type": "string",
            "name": "createdBy",
            "internal": false,
            "oid": "15f5320a-5e88-44cc-9bc2-c2ab8da3e8a0",
            "displayLabel": "Created By",
            "historyType": "createdBy"
        },
        {
            "type": "string",
            "name": "lastUpdatedBy",
            "internal": false,
            "oid": "cb0c216d-bbb5-4110-859f-23be57680d82",
            "displayLabel": "Last Updated By",
            "historyType": "updatedBy"
        },
        {
            "type": "number",
            "name": "versionNumber",
            "internal": false,
            "oid": "b6f3c4e7-eaf4-4610-b719-cd0c02f4631d",
            "displayLabel": "Version Number",
            "historyType": "versionNumber"
        },
        {
            "type": "string",
            "name": "productCode",
            "oid": "f49f87dc-52dd-4bda-b3b0-4a3f33ea16ff",
            "displayLabel": "ProductCode"
        },
        {
            "type": "string",
            "name": "productQuantity",
            "oid": "005b03d7-77bb-45b0-8895-90837def938c",
            "displayLabel": "ProductQuantity"
        },
        {
            "type": "date",
            "name": "productExpiry",
            "oid": "ed01001b-5507-4bcb-9bfb-6a7e84ceccf7",
            "displayLabel": "ProductExpiry"
        }
    ],
    "name": "ProductStock",
    "oid": "494e68a2-cd01-4c66-8439-ae0666d80c53",
    "displayLabel": "Product Stock"
}