{
    "displayLabel": "Cities",
    "fields": [
        {
            "displayLabel": "Id",
            "key": true,
            "name": "id",
            "oid": "cee5a750-10b5-434a-9cc8-2f70f34a03e1",
            "required": true,
            "type": "number",
            "unique": true
        },
        {
            "displayLabel": "Created",
            "historyType": "timeCreated",
            "name": "creationDate",
            "oid": "e5ff6833-f3fc-4cdf-a1d1-d05e01656ea3",
            "type": "datetime"
        },
        {
            "displayLabel": "Last Updated",
            "historyType": "timeUpdated",
            "name": "lastUpdateDate",
            "oid": "14b4aa32-623a-410d-befd-141e6e1fd6b1",
            "type": "datetime"
        },
        {
            "displayLabel": "Created By",
            "historyType": "createdBy",
            "name": "createdBy",
            "oid": "18183a16-ca6b-4cb8-aca9-5354c101c0be",
            "type": "string"
        },
        {
            "displayLabel": "Last Updated By",
            "historyType": "updatedBy",
            "name": "lastUpdatedBy",
            "oid": "c1ed22ec-2319-459a-83bb-48b60897048d",
            "type": "string"
        },
        {
            "displayLabel": "Version Number",
            "historyType": "versionNumber",
            "name": "versionNumber",
            "oid": "30d9ae4d-980a-4e61-b9c0-48b5ecafcef3",
            "type": "number"
        },
        {
            "displayLabel": "name",
            "name": "name",
            "oid": "1924d343-b4d7-42c0-a37d-d0d6e2e3c702",
            "required": true,
            "type": "string"
        },
        {
            "displayLabel": "state_id",
            "name": "stateId",
            "oid": "ccea5f7f-d1a8-4f71-bdc9-a952d63dd214",
            "required": true,
            "type": "number"
        },
        {
            "displayLabel": "state_code",
            "name": "stateCode",
            "oid": "13cbff6f-411e-4021-beee-49d95c425132",
            "required": true,
            "type": "string"
        },
        {
            "displayLabel": "state_name",
            "name": "stateName",
            "oid": "63b48ff6-baa1-4d95-b571-f2b82430de2a",
            "required": true,
            "type": "string"
        },
        {
            "displayLabel": "country_id",
            "name": "countryId",
            "oid": "0d562740-ef4b-4061-8c9f-cf7e63ef5ec0",
            "required": true,
            "type": "number"
        },
        {
            "displayLabel": "country_code",
            "name": "countryCode",
            "oid": "102ec229-21c4-4082-887d-0fcd451bdbce",
            "required": true,
            "type": "string"
        },
        {
            "displayLabel": "country_name",
            "name": "countryName",
            "oid": "dd672277-8530-4918-8391-4d2cef5a232e",
            "required": true,
            "type": "string"
        },
        {
            "displayLabel": "latitude",
            "name": "latitude",
            "oid": "29fa6164-1861-4a0b-86ad-7ee55f01a125",
            "required": true,
            "scale": 8,
            "type": "number"
        },
        {
            "displayLabel": "longitude",
            "name": "longitude",
            "oid": "95dfa4b9-473c-452e-8075-38ba18dd5cd4",
            "required": true,
            "scale": 8,
            "type": "number"
        },
        {
            "displayLabel": "wikiDataId",
            "name": "wikiDataId",
            "oid": "bd0633ea-6495-4265-8252-58e77d36f1a5",
            "required": false,
            "type": "string"
        }
    ],
    "hidden": false,
    "name": "Cities",
    "oid": "c7491758-98c8-47f5-8bf3-5b2fa57ffcba"
}