{
  "title": "main dependentlov",
  "description": "",
  "variables": {
    "citiesListSDP": {
      "type": "vb/ServiceDataProvider",
      "defaultValue": {
        "endpoint": "businessObjects/getall_Cities",
        "keyAttributes": "id",
        "itemsPath": "items",
        "responseType": "getallCitiesResponse",
        "transformsContext": {
          "vb-textFilterAttributes": [
            "name"
          ]
        },
        "filterCriterion": {
          "op": "$eq",
          "attribute": "stateCode",
          "value": "{{ $variables.stateVar }}"
        }
      }
    },
    "countryListSDP": {
      "type": "vb/ServiceDataProvider",
      "defaultValue": {
        "endpoint": "businessObjects/getall_Country",
        "keyAttributes": "countryCode",
        "itemsPath": "items",
        "responseType": "getallCountryResponse",
        "transformsContext": {
          "vb-textFilterAttributes": [
            "countryName"
          ]
        }
      }
    },
    "countryVar": {
      "type": "string"
    },
    "statesListSDP": {
      "type": "vb/ServiceDataProvider",
      "defaultValue": {
        "endpoint": "businessObjects/getall_States",
        "keyAttributes": "stateCode",
        "itemsPath": "items",
        "responseType": "getallStatesResponse",
        "transformsContext": {
          "vb-textFilterAttributes": [
            "name"
          ]
        },
        "filterCriterion": {
          "op": "$eq",
          "attribute": "countryCode",
          "value": "{{ $variables.countryVar }}"
        }
      }
    },
    "stateVar": {
      "type": "string"
    }
  },
  "metadata": {},
  "types": {
    "@decorators.getallCitiesResponse": {
      "endpoint": "getall_Cities",
      "service": "businessObjects",
      "path": "response"
    },
    "@decorators.getallCountryResponse": {
      "endpoint": "getall_Country",
      "service": "businessObjects",
      "path": "response"
    },
    "@decorators.getallStatesResponse": {
      "endpoint": "getall_States",
      "service": "businessObjects",
      "path": "response"
    },
    "getallCitiesResponse": {
      "items": [
        {
          "id": "number",
          "name": "string"
        }
      ]
    },
    "getallCountryResponse": {
      "items": [
        {
          "countryCode": "string",
          "countryName": "string"
        }
      ]
    },
    "getallStatesResponse": {
      "items": [
        {
          "name": "string",
          "stateCode": "string"
        }
      ]
    }
  },
  "eventListeners": {},
  "imports": {
    "components": {
      "oj-select-single": {
        "path": "ojs/ojselectsingle"
      }
   }
  }
}