{
  "title": "Edit ProductStock",
  "description": "Updates single ProductStock record",
  "variables": {
    "fetchedProductStock": {
      "type": "getProductStockResponse"
    },
    "productStock": {
      "type": "getProductStockResponse"
    },
    "productStockETag": {
      "type": "string"
    },
    "productStockId": {
      "type": "string",
      "required": true,
      "input": "fromUrl"
    },
    "saveProductStockChainInProgress": {
      "type": "boolean",
      "defaultValue": false
    }
  },
  "metadata": {},
  "types": {
    "@decorators.getProductStockResponse": {
      "endpoint": "get_ProductStock",
      "service": "businessObjects",
      "path": "response"
    },
    "getProductStockResponse": {
      "productExpiry": "string",
      "productQuantity": "string"
    }
  },
  "eventListeners": {
    "backButtonClicked": {
      "chains": [
        {
          "chain": "goBackChain"
        }
      ]
    },
    "saveButtonClicked": {
      "chains": [
        {
          "chain": "saveProductStockChain"
        }
      ]
    },
    "vbEnter": {
      "chains": [
        {
          "chain": "loadProductStockChain"
        }
      ]
    }
  },
  "imports": {
    "components": {
      "oj-button": {
        "path": "ojs/ojbutton"
      },
      "oj-form-layout": {
        "path": "ojs/ojformlayout"
      },
      "oj-input-date": {
        "path": "ojs/ojdatetimepicker"
      },
      "oj-input-text": {
        "path": "ojs/ojinputtext"
      },
      "oj-validation-group": {
        "path": "ojs/ojvalidationgroup"
      }
   }
  }
}