{
  "title": "main findageassignment",
  "description": "",
  "variables": {
    "employeeListSDP": {
      "type": "vb/ServiceDataProvider",
      "defaultValue": {
        "endpoint": "businessObjects/getall_Employee",
        "keyAttributes": "id",
        "itemsPath": "items",
        "responseType": "getallEmployeeResponse"
      }
    }
  },
  "metadata": {},
  "types": {
    "@decorators.getallEmployeeResponse": {
      "endpoint": "getall_Employee",
      "service": "businessObjects",
      "path": "response"
    },
    "getallEmployeeResponse": {
      "items": [
        {
          "dateOfBirth": "string",
          "email": "string",
          "firstName": "string",
          "id": "number",
          "lastName": "string",
          "phoneNumber": "string"
        }
      ]
    }
  },
  "eventListeners": {},
  "imports": {
    "components": {
      "oj-table": {
        "path": "ojs/ojtable"
      }
   }
  }
}