{
  "title": "Edit ProductDetails",
  "description": "Updates single ProductDetails record",
  "variables": {
    "fetchedProductDetails": {
      "type": "getProductDetailsResponse"
    },
    "productDetails": {
      "type": "getProductDetailsResponse"
    },
    "productDetailsETag": {
      "type": "string"
    },
    "productDetailsId": {
      "type": "string",
      "required": true,
      "input": "fromUrl"
    },
    "saveProductDetailsChainInProgress": {
      "type": "boolean",
      "defaultValue": false
    }
  },
  "metadata": {},
  "types": {
    "@decorators.getProductDetailsResponse": {
      "endpoint": "get_ProductDetails",
      "service": "businessObjects",
      "path": "response"
    },
    "getProductDetailsResponse": {
      "productCategory": "string",
      "productDesc": "string",
      "productPrice": "number",
      "productWeight": "number"
    }
  },
  "eventListeners": {
    "backButtonClicked": {
      "chains": [
        {
          "chain": "goBackChain"
        }
      ]
    },
    "saveButtonClicked": {
      "chains": [
        {
          "chain": "saveProductDetailsChain"
        }
      ]
    },
    "vbEnter": {
      "chains": [
        {
          "chain": "loadProductDetailsChain"
        }
      ]
    }
  },
  "imports": {
    "components": {
      "oj-button": {
        "path": "ojs/ojbutton"
      },
      "oj-form-layout": {
        "path": "ojs/ojformlayout"
      },
      "oj-input-number": {
        "path": "ojs/ojinputnumber"
      },
      "oj-input-text": {
        "path": "ojs/ojinputtext"
      },
      "oj-validation-group": {
        "path": "ojs/ojvalidationgroup"
      }
   }
  }
}