{
  "title": "main editable table adp",
  "description": "",
  "variables": {
    "CurrentProduct": {
      "type": "ProductDetailsType"
    },
    "prodDtlADP": {
      "type": "vb/ArrayDataProvider2",
      "defaultValue": {
        "itemType": "ProductDetailsType",
        "keyAttributes": [
          "productCategory",
          "ProductCode"
        ]
      }
    }

  },
  "metadata": {},
  "types": {
    "@decorators.ProductDetailsType": {
      "endpoint": "get_ProductDetails",
      "service": "businessObjects",
      "path": "response"
    },
    "ProductDetailsType": {
      "productCategory": "string",
      "ProductCode": "number",
      "productDesc": "string",
      "productPrice": "number",
      "productWeight": "number"
    }
  },
  "eventListeners": {
    "buttonAction": {
      "chains": [
        {
          "chain": "ButtonActionChain"
        }
      ]
    },
    "tableBeforeRowEdit": {
      "chains": [
        {
          "chain": "TableBeforeRowEditChain",
          "parameters": {
            "rowKey": "{{$event.detail.rowContext.status.rowKey}}",
            "rowIndex": "{{$event.detail.rowContext.status.rowIndex}}",
            "rowData": "{{$event.detail.rowContext.componentElement.getDataForVisibleRow($event.detail.rowContext.status.rowIndex).data}}"
          }
        }
      ]
    },
    "tableBeforeRowEditEnd": {
      "chains": [
        {
          "chain": "TableBeforeRowEditEndChain",
          "parameters": {
            "cancelEdit": "{{$event.detail.cancelEdit}}",
            "rowKey": "{{$event.detail.rowContext.status.rowKey}}",
            "rowIndex": "{{$event.detail.rowContext.status.rowIndex}}",
            "rowData": "{{$event.detail.rowContext.componentElement.getDataForVisibleRow($event.detail.rowContext.status.rowIndex).data}}"
          }
        }
      ]
    },
    "vbEnter": {
      "chains": [
        {
          "parameters": {},
          "chain": "vbEnterChangeListener"
        }
      ]
    }

  },
  "imports": {
    "components": {
      "oj-button": {
        "path": "ojs/ojbutton"
      },
      "oj-input-text": {
        "path": "ojs/ojinputtext"
      },
      "oj-table": {
        "path": "ojs/ojtable"
      }

   }
  }
}