{
  "title": "main employee create",
  "description": "",
  "variables": {
    "createEmployeeChainInProgress": {
      "type": "boolean",
      "defaultValue": false
    },
    "employee": {
      "type": "createEmployeeRequest"
    },
    "employeeListSDP": {
      "type": "vb/ServiceDataProvider",
      "defaultValue": {
        "endpoint": "businessObjects/getall_Employee",
        "keyAttributes": "id",
        "itemsPath": "items",
        "responseType": "getallEmployeeResponse"
      }
    },
    "employeeListSDP2": {
      "type": "vb/ServiceDataProvider",
      "defaultValue": {
        "endpoint": "businessObjects/getall_Employee",
        "keyAttributes": "id",
        "itemsPath": "items",
        "responseType": "getallEmployeeResponse2"
      }
    },
    "jobListSDP": {
      "type": "vb/ServiceDataProvider",
      "defaultValue": {
        "endpoint": "businessObjects/getall_Job",
        "keyAttributes": "id",
        "itemsPath": "items",
        "responseType": "getallJobResponse",
        "uriParameters": {}
      }
    },
    "ojTabBar10449790881SelectedItem": {
      "type": "string",
      "defaultValue": "oj-tab-bar--1044979088-1-tab-1"
    },
    "ojTabBar10449790882SelectedItem": {
      "type": "string",
      "defaultValue": "oj-tab-bar--1044979088-2-tab-1"
    }

  },
  "metadata": {},
  "types": {
    "@decorators.createEmployeeRequest": {
      "endpoint": "create_Employee",
      "service": "businessObjects",
      "path": "request"
    },
    "@decorators.getallEmployeeResponse": {
      "endpoint": "getall_Employee",
      "service": "businessObjects",
      "path": "response"
    },
    "@decorators.getallEmployeeResponse2": {
      "endpoint": "getall_Employee",
      "service": "businessObjects",
      "path": "response"
    },
    "@decorators.getallJobResponse": {
      "endpoint": "getall_Job",
      "service": "businessObjects",
      "path": "response"
    },
    "createEmployeeRequest": {
      "email": "string",
      "firstName": "string",
      "hireDate": "string",
      "job": "number",
      "lastName": "string",
      "phoneNumber": "string",
      "salary": "number"
    },
    "getallEmployeeResponse": {
      "items": [
        {
          "department": "number",
          "email": "string",
          "firstName": "string",
          "hireDate": "string",
          "id": "number",
          "lastName": "string",
          "phoneNumber": "string",
          "salary": "number"
        }
      ]
    },
    "getallEmployeeResponse2": {
      "items": [
        {
          "department": "number",
          "email": "string",
          "firstName": "string",
          "hireDate": "string",
          "id": "number",
          "lastName": "string",
          "phoneNumber": "string",
          "salary": "number"
        }
      ]
    },
    "getallJobResponse": {
      "items": [
        {
          "id": "number",
          "jobTitle": "string"
        }
      ]
    }

  },
  "eventListeners": {
    "saveButtonClicked": {
      "chains": [
        {
          "chain": "createEmployeeChain"
        }
      ]
    }
  },
  "imports": {
    "components": {
      "oj-button": {
        "path": "ojs/ojbutton"
      },
      "oj-form-layout": {
        "path": "ojs/ojformlayout"
      },
      "oj-input-date": {
        "path": "ojs/ojdatetimepicker"
      },
      "oj-input-number": {
        "path": "ojs/ojinputnumber"
      },
      "oj-input-text": {
        "path": "ojs/ojinputtext"
      },
      "oj-select-single": {
        "path": "ojs/ojselectsingle"
      },
      "oj-switcher": {
        "path": "ojs/ojswitcher"
      },
      "oj-tab-bar": {
        "path": "ojs/ojnavigationlist"
      },
      "oj-table": {
        "path": "ojs/ojtable"
      },
      "oj-toolbar": {
        "path": "ojs/ojtoolbar"
      },
      "oj-validation-group": {
        "path": "ojs/ojvalidationgroup"
      }

   },
    "modules": {
      "ojValidationBase": {
        "path": "ojs/ojvalidation-base"
      },
      "ojValidationNumber": {
        "path": "ojs/ojvalidation-number"
      }
    }
  }
}