{
  "title": "Create Employee",
  "description": "Creates new Employee",
  "variables": {
    "createEmployeeChainInProgress": {
      "type": "boolean",
      "defaultValue": false
    },
    "employee": {
      "type": "createEmployeeRequest"
    },
    "jobListSDP": {
      "type": "vb/ServiceDataProvider",
      "defaultValue": {
        "endpoint": "businessObjects/getall_Job",
        "keyAttributes": "id",
        "itemsPath": "items",
        "responseType": "getallJobResponse",
        "uriParameters": {}
      }
    }
  },
  "metadata": {},
  "types": {
    "@decorators.createEmployeeRequest": {
      "endpoint": "create_Employee",
      "service": "businessObjects",
      "path": "request"
    },
    "@decorators.getallJobResponse": {
      "endpoint": "getall_Job",
      "service": "businessObjects",
      "path": "response"
    },
    "createEmployeeRequest": {
      "department": "number",
      "email": "string",
      "firstName": "string",
      "hireDate": "string",
      "job": "number",
      "lastName": "string"

    },
    "getallJobResponse": {
      "items": [
        {
          "id": "number",
          "jobTitle": "string"
        }
      ]
    }
  },
  "eventListeners": {
    "backButtonClicked": {
      "chains": [
        {
          "chain": "goBackChain"
        }
      ]
    },
    "saveButtonClicked": {
      "chains": [
        {
          "chain": "createEmployeeChain"
        }
      ]
    }
  },
  "imports": {
    "components": {
      "oj-button": {
        "path": "ojs/ojbutton"
      },
      "oj-form-layout": {
        "path": "ojs/ojformlayout"
      },
      "oj-input-date": {
        "path": "ojs/ojdatetimepicker"
      },
      "oj-input-text": {
        "path": "ojs/ojinputtext"
      },
      "oj-select-single": {
        "path": "ojs/ojselectsingle"
      },
      "oj-validation-group": {
        "path": "ojs/ojvalidationgroup"
      }
   },
    "modules": {
      "ojValidationBase": {
        "path": "ojs/ojvalidation-base"
      }
    }
  }
}