{
  "title": "main uploadexcelassignment",
  "description": "",
  "variables": {
    "disableFileUploadBtn": {
      "type": "boolean",
      "defaultValue": true
    },
    "fileProp": {
      "type": "string"
    },
    "FileReference": {
      "type": "any"
    },
    "productDetailsListSDP": {
      "type": "vb/ServiceDataProvider",
      "defaultValue": {
        "endpoint": "businessObjects/getall_ProductDetails",
        "keyAttributes": "ProductCode",
        "itemsPath": "items",
        "responseType": "getallProductDetailsResponse2"
      }
    }

  },
  "metadata": {},
  "types": {
    "@decorators.getallProductDetailsResponse": {
      "endpoint": "getall_ProductDetails",
      "service": "businessObjects",
      "path": "response"
    },
    "@decorators.getallProductDetailsResponse2": {
      "endpoint": "getall_ProductDetails",
      "service": "businessObjects",
      "path": "response"
    },
    "getallProductDetailsResponse": {
      "items": [
        {
          "productCategory": "string",
          "ProductCode": "number",
          "productDesc": "string",
          "productPrice": "number",
          "productWeight": "number"
        }
      ]
    },
    "getallProductDetailsResponse2": {
      "items": [
        {
          "productCategory": "string",
          "ProductCode": "number",
          "productDesc": "string",
          "productPrice": "number",
          "productWeight": "number"
        }
      ]
    }
  },
  "eventListeners": {
    "buttonAction": {
      "chains": [
        {
          "chain": "UploadButtonActionChain"
        }
      ]
    },
    "buttonAction2": {
      "chains": [
        {
          "chain": "DownloadFileActionChain"
        }
      ]
    },
    "filePickerSelect": {
      "chains": [
        {
          "chain": "FilePickerSelectChain",
          "parameters": {
            "files": "[[ Array.prototype.slice.call($event.detail.files) ]]"
          }
        }
      ]
    }

  },
  "imports": {
    "components": {
      "oj-button": {
        "path": "ojs/ojbutton"
      },
      "oj-file-picker": {
        "path": "ojs/ojfilepicker"
      },
      "oj-table": {
        "path": "ojs/ojtable"
      }

   }
  }
}