{
  "title": "calculatorform",
  "description": "",
  "variables": {
    "num1": {
      "type": "number"
    },
    "num2": {
      "type": "number"
    },
    "result": {
      "type": "number"
    }
  },
  "metadata": {},
  "types": {},
  "eventListeners": {
    "buttonAction": {
      "chains": [
        {
          "chain": "addActionChain"
        }
      ]
    },
    "buttonAction2": {
      "chains": [
        {
          "chain": "SubAction"
        }
      ]
    },
    "buttonAction3": {
      "chains": [
        {
          "chain": "mulActionChain"
        }
      ]
    },
    "buttonAction4": {
      "chains": [
        {
          "chain": "DivActionChain"
        }
      ]
    },
    "buttonAction5": {
      "chains": [
        {
          "chain": "ButtonActionChain6"
        }
      ]
    },
    "comboValue": {
      "chains": [
        {
          "chain": "ComboValueChangeChain",
          "parameters": {
            "value": "{{ $event.detail.value }}"
          }
        }
      ]
    }
  },
  "imports": {
    "components": {
      "oj-button": {
        "path": "ojs/ojbutton"
      },
      "oj-combobox-one": {
        "path": "ojs/ojselectcombobox"
      },
      "oj-form-layout": {
        "path": "ojs/ojformlayout"
      },
      "oj-input-number": {
        "path": "ojs/ojinputnumber"
      },
      "oj-option": {
        "path": "ojs/ojoption"
      },
      "oj-toolbar": {
        "path": "ojs/ojtoolbar"
      }
   }
  }
}