{
  "title": "Edit Employee",
  "description": "Updates single Employee record",
  "variables": {
    "employee": {
      "type": "getEmployeeResponse"
    },
    "employeeETag": {
      "type": "string"
    },
    "employeeId": {
      "type": "string",
      "required": true,
      "input": "fromUrl"
    },
    "fetchedEmployee": {
      "type": "getEmployeeResponse"
    },
    "jobListSDP": {
      "type": "vb/ServiceDataProvider",
      "defaultValue": {
        "endpoint": "businessObjects/getall_Job",
        "keyAttributes": "id",
        "itemsPath": "items",
        "responseType": "getallJobResponse",
        "uriParameters": {}
      }
    },
    "saveEmployeeChainInProgress": {
      "type": "boolean",
      "defaultValue": false
    }
  },
  "metadata": {},
  "types": {
    "@decorators.getallJobResponse": {
      "endpoint": "getall_Job",
      "service": "businessObjects",
      "path": "response"
    },
    "@decorators.getEmployeeResponse": {
      "endpoint": "get_Employee",
      "service": "businessObjects",
      "path": "response"
    },
    "getallJobResponse": {
      "items": [
        {
          "id": "number",
          "jobTitle": "string"
        }
      ]
    },
    "getEmployeeResponse": {
      "email": "string",
      "firstName": "string",
      "hireDate": "string",
      "job": "number",
      "lastName": "string"
    }
  },
  "eventListeners": {
    "backButtonClicked": {
      "chains": [
        {
          "chain": "goBackChain"
        }
      ]
    },
    "saveButtonClicked": {
      "chains": [
        {
          "chain": "saveEmployeeChain"
        }
      ]
    },
    "vbEnter": {
      "chains": [
        {
          "chain": "loadEmployeeChain"
        }
      ]
    }
  },
  "imports": {
    "components": {
      "oj-button": {
        "path": "ojs/ojbutton"
      },
      "oj-form-layout": {
        "path": "ojs/ojformlayout"
      },
      "oj-input-date": {
        "path": "ojs/ojdatetimepicker"
      },
      "oj-input-text": {
        "path": "ojs/ojinputtext"
      },
      "oj-select-single": {
        "path": "ojs/ojselectsingle"
      },
      "oj-validation-group": {
        "path": "ojs/ojvalidationgroup"
      }
   },
    "modules": {
      "ojValidationBase": {
        "path": "ojs/ojvalidation-base"
      }
    }
  }
}