{
  "title": "Create ProductDetails",
  "description": "Creates new ProductDetails",
  "variables": {
    "createProductDetailsChainInProgress": {
      "type": "boolean",
      "defaultValue": false
    },
    "productDetails": {
      "type": "createProductDetailsRequest"
    }
  },
  "metadata": {},
  "types": {
    "@decorators.createProductDetailsRequest": {
      "endpoint": "create_ProductDetails",
      "service": "businessObjects",
      "path": "request"
    },
    "createProductDetailsRequest": {
      "productCategory": "string",
      "ProductCode": "number",
      "productDesc": "string",
      "productPrice": "number",
      "productWeight": "number"
    }
  },
  "eventListeners": {
    "backButtonClicked": {
      "chains": [
        {
          "chain": "goBackChain"
        }
      ]
    },
    "saveButtonClicked": {
      "chains": [
        {
          "chain": "createProductDetailsChain"
        }
      ]
    }
  },
  "imports": {
    "components": {
      "oj-button": {
        "path": "ojs/ojbutton"
      },
      "oj-form-layout": {
        "path": "ojs/ojformlayout"
      },
      "oj-input-number": {
        "path": "ojs/ojinputnumber"
      },
      "oj-input-text": {
        "path": "ojs/ojinputtext"
      },
      "oj-validation-group": {
        "path": "ojs/ojvalidationgroup"
      }
   }
  }
}