{
  "title": "Assignment1-Insert Into Diff BO",
  "description": "",
  "variables": {
    "departmentListSDP": {
      "type": "vb/ServiceDataProvider",
      "defaultValue": {
        "endpoint": "businessObjects/getall_Department",
        "keyAttributes": "id",
        "itemsPath": "items",
        "responseType": "getallDepartmentResponse2",
        "filterCriterion": {
          "op": "$eq",
          "attribute": "departmentManager.id",
          "value": "-1"
        }
      }
    },

    "employeeListSDP": {
      "type": "vb/ServiceDataProvider",
      "defaultValue": {
        "endpoint": "businessObjects/getall_Employee",
        "itemsPath": "items",
        "responseType": "getallEmployeeResponse",
        "keyAttributes": "department"
      }
    },
    "oj_table_962345776_1SelectedId": {
      "type": "string",
      "defaultValue": ""
    }

  },
  "metadata": {},
  "types": {
    "@decorators.getallDepartmentResponse": {
      "endpoint": "getall_Department",
      "service": "businessObjects",
      "path": "response"
    },
    "@decorators.getallDepartmentResponse2": {
      "endpoint": "getall_Department",
      "service": "businessObjects",
      "path": "response"
    },
    "@decorators.getallEmployeeResponse": {
      "endpoint": "getall_Employee",
      "service": "businessObjects",
      "path": "response"
    },
    "getallDepartmentResponse": {
      "items": [
        {
          "departmentName": "string",
          "id": "number",
          "location": "number",
          "manager": "number"
        }
      ]
    },
    "getallDepartmentResponse2": {
      "items": [
        {
          "departmentName": "string",
          "id": "number",
          "location": "number",
          "manager": "number"
        }
      ]
    },
    "getallEmployeeResponse": {
      "items": [
        {
          "department": "number",
          "email": "string",
          "firstName": "string",
          "id": "number",
          "lastName": "string",
          "phoneNumber": "string"
        }
      ]
    }

  },
  "eventListeners": {
    "createEmployeeButtonClicked": {
      "chains": [
        {
          "chain": "navigateToCreateEmployeeChain"
        }
      ]
    },
    "editEmployeeButtonClicked": {
      "chains": [
        {
          "chain": "navigateToEditEmployeeChain",
          "parameters": {
            "employeeId": "[[ $variables.oj_table_962345776_1SelectedId ]]"
          }
        }
      ]
    },
    "oj_table_962345776_1SelectionChanged": {
      "chains": [
        {
          "chain": "ojTable9623457761ChangeSelectionChain",
          "parameters": {
            "employeeId": "[[ $event.detail.value.key || '' ]]"
          }
        }
      ]
    },
    "ojTable9623457761FirstSelectedRow": {
      "chains": [
        {
          "chain": "TableFirstSelectedRowChangeChain",
          "parameters": {
            "rowKey": "{{$event.detail.value.key}}",
            "rowData": "{{$event.detail.value.data}}"
          }
        }
      ]
    }
  },
  "imports": {
    "components": {
      "oj-button": {
        "path": "ojs/ojbutton"
      },
      "oj-table": {
        "path": "ojs/ojtable"
      },
      "oj-toolbar": {
        "path": "ojs/ojtoolbar"
      }
   }
  }
}