{
  "title": "main inventory details",
  "description": "",
  "variables": {
    "oj_table_869656890_1SelectedId": {
      "type": "string",
      "defaultValue": ""
    },
    "oj_table_869656890_2SelectedId": {
      "type": "string",
      "defaultValue": ""
    },
    "productDetailsListSDP": {
      "type": "vb/ServiceDataProvider",
      "defaultValue": {
        "endpoint": "businessObjects/getall_ProductDetails",
        "keyAttributes": "ProductCode",
        "itemsPath": "items",
        "responseType": "getallProductDetailsResponse"
      }
    },
    "productStockListSDP": {
      "type": "vb/ServiceDataProvider",
      "defaultValue": {
        "endpoint": "businessObjects/getall_ProductStock",
        "keyAttributes": "StockId",
        "itemsPath": "items",
        "responseType": "getallProductStockResponse",
        "filterCriterion": {
          "op": "$eq",
          "attribute": "productCode",
          "value": "-1"
        }
      }
    }

  },
  "metadata": {},
  "types": {
    "@decorators.getallProductDetailsResponse": {
      "endpoint": "getall_ProductDetails",
      "service": "businessObjects",
      "path": "response"
    },
    "@decorators.getallProductStockResponse": {
      "endpoint": "getall_ProductStock",
      "service": "businessObjects",
      "path": "response"
    },
    "getallProductDetailsResponse": {
      "items": [
        {
          "productCategory": "string",
          "ProductCode": "number",
          "productDesc": "string",
          "productPrice": "number",
          "productWeight": "number"
        }
      ]
    },
    "getallProductStockResponse": {
      "items": [
        {
          "productCode": "string",
          "productExpiry": "string",
          "productQuantity": "string",
          "StockId": "number"
        }
      ]
    }
  },
  "eventListeners": {
    "createProductDetailsButtonClicked": {
      "chains": [
        {
          "chain": "navigateToCreateProductDetailsChain"
        }
      ]
    },
    "deleteProductDetailsButtonClicked2": {
      "chains": [
        {
          "chain": "deleteProductDetailsChain2",
          "parameters": {
            "productDetailsId": "[[ $variables.oj_table_869656890_1SelectedId ]]"
          }
        }
      ]
    },
    "editProductDetailsButtonClicked": {
      "chains": [
        {
          "chain": "navigateToEditProductDetailsChain",
          "parameters": {
            "productDetailsId": "[[ $variables.oj_table_869656890_1SelectedId ]]"
          }
        }
      ]
    },
    "editProductStockButtonClicked": {
      "chains": [
        {
          "chain": "navigateToEditProductStockChain",
          "parameters": {
            "productStockId": "[[ $variables.oj_table_869656890_2SelectedId ]]"
          }
        }
      ]
    },
    "oj_table_869656890_2SelectionChanged": {
      "chains": [
        {
          "chain": "ojTable8696568902ChangeSelectionChain",
          "parameters": {
            "productStockId": "[[ $event.detail.value.key || '' ]]"
          }
        }
      ]
    },
    "ojTable8696568901FirstSelectedRow": {
      "chains": [
{
          "chain": "TableFirstSelectedRowChangeChain",
          "parameters": {
            "rowKey": "{{$event.detail.value.key}}",
            "rowData": "{{$event.detail.value.data}}"
          }
        },
        {
          "chain": "ojTable8696568901ChangeSelectionChain",
          "parameters": {
            "productDetailsId": "[[ $event.detail.value.key || '' ]]"
          }
        }
      ]
    },
    "ojTable8696568901Selection": {
      "chains": [
        {
          "chain": "ojTable8696568901ChangeSelectionChain",
          "parameters": {
            "productDetailsId": "[[ $event.detail.value.key || '' ]]"
          }
        }
      ]
    }

  },
  "imports": {
    "components": {
      "oj-button": {
        "path": "ojs/ojbutton"
      },
      "oj-table": {
        "path": "ojs/ojtable"
      },
      "oj-toolbar": {
        "path": "ojs/ojtoolbar"
      }
   }
  }
}