{
    "displayLabel": "States",
    "fields": [
        {
            "displayLabel": "Id",
            "key": true,
            "name": "id",
            "oid": "afd9e750-00c6-48f0-be20-e6b2135b3b78",
            "required": true,
            "type": "number",
            "unique": true
        },
        {
            "displayLabel": "Created",
            "historyType": "timeCreated",
            "name": "creationDate",
            "oid": "a48d1e9f-087f-4c9c-a49a-a79f86c9da19",
            "type": "datetime"
        },
        {
            "displayLabel": "Last Updated",
            "historyType": "timeUpdated",
            "name": "lastUpdateDate",
            "oid": "7a41bd88-e2ae-4b54-b3d3-d40f63154387",
            "type": "datetime"
        },
        {
            "displayLabel": "Created By",
            "historyType": "createdBy",
            "name": "createdBy",
            "oid": "cf4b9268-1772-4c5e-a658-1777b71d9853",
            "type": "string"
        },
        {
            "displayLabel": "Last Updated By",
            "historyType": "updatedBy",
            "name": "lastUpdatedBy",
            "oid": "03483324-e6a5-4ff0-90fc-b660decb5344",
            "type": "string"
        },
        {
            "displayLabel": "Version Number",
            "historyType": "versionNumber",
            "name": "versionNumber",
            "oid": "a39d7df1-0905-4b8a-8a82-8063275e16c6",
            "type": "number"
        },
        {
            "displayLabel": "name",
            "name": "name",
            "oid": "6345913f-515a-46cc-9079-1b3d49c5e99d",
            "required": true,
            "type": "string"
        },
        {
            "displayLabel": "country_id",
            "name": "countryId",
            "oid": "fadea2b8-8f47-43f8-a7da-22172afd4f42",
            "required": true,
            "type": "number"
        },
        {
            "displayLabel": "country_code",
            "name": "countryCode",
            "oid": "14ff183e-ca82-432c-ae75-e3edb8708deb",
            "required": true,
            "type": "string"
        },
        {
            "displayLabel": "country_name",
            "name": "countryName",
            "oid": "6bea59ec-efa4-423e-95ad-66db89e105ea",
            "required": true,
            "type": "string"
        },
        {
            "displayLabel": "state_code",
            "name": "stateCode",
            "oid": "d0e26858-7561-4a91-b53f-439107e40b12",
            "required": true,
            "type": "string"
        },
        {
            "displayLabel": "type",
            "name": "type1",
            "oid": "72fd0894-8723-4a24-b933-4e0ae12159ea",
            "required": false,
            "type": "string"
        },
        {
            "displayLabel": "latitude",
            "name": "latitude",
            "oid": "81665776-1ba6-4114-bfe2-28e782a19989",
            "required": false,
            "scale": 8,
            "type": "number"
        },
        {
            "displayLabel": "longitude",
            "name": "longitude",
            "oid": "b837732d-dddf-4592-8bd3-00e87e33aeb8",
            "required": false,
            "scale": 8,
            "type": "number"
        }
    ],
    "hidden": false,
    "name": "States",
    "oid": "6ba0abaf-a0a6-4d66-965a-5bd89f8602a8"
}