{
    "vbcs.dt.version": "20231205-24.04.5",
    "version": "2310.0.0",
    "source.version": "2310",
    "rootURL": "vbcookbook",
    "features": {
        "codeChainsEnabled": true
    },
    "dependencies": {
        "upgrade": "micro",
        "paths": {
            "jet": "https://static.oracle.com/cdn/jet/14.1.8",
            "visualRuntime": "https://static.oracle.com/cdn/vb/2310.1.0",
            "telemetry": "https://static.oracle.com/cdn/trace/7.4.1",
            "oracleImageGallery": "https://static.oracle.com/cdn/fnd/gallery/2310.0.1"
        }
    },
    "migration": {
        "2307": [
            "SetHistoryTypeMigrator"
        ]
    }
}